"Lines","Path"
"33042","C:/Users/baldg/OneDrive/Documents/GitHub/serpifai/v7 Scripts App File Reduction/V6 working with 36K Scripts App/app_script/UI_Scripts_App.html"
"12041","C:/Users/baldg/OneDrive/Documents/GitHub/serpifai/v7 Scripts App File Reduction/V6 working with 36K Scripts App/app_script/FT_CompetitorKW_Fetcher.gs"
"7968","C:/Users/baldg/OneDrive/Documents/GitHub/serpifai/v7 Scripts App File Reduction/V6 working with 36K Scripts App/app_script/UI_Elite_Renderer.html"
"3145","C:/Users/baldg/OneDrive/Documents/GitHub/serpifai/v7 Scripts App File Reduction/FET+DB/FT_Oracle_EliteDataSystem.gs"
"2878","C:/Users/baldg/OneDrive/Documents/GitHub/serpifai/v7 Scripts App File Reduction/UI/UI_Tab_Overview.html"
"2627","C:/Users/baldg/OneDrive/Documents/GitHub/serpifai/v7 Scripts App File Reduction/DB_COMP_EliteOrchestrator.gs"
"2537","C:/Users/baldg/OneDrive/Documents/GitHub/serpifai/v7 Scripts App File Reduction/V6 working with 36K Scripts App/app_script/UI_Elite_Charts.html"
"2524","C:/Users/baldg/OneDrive/Documents/GitHub/serpifai/v7 Scripts App File Reduction/UI/UI_Tab_KeywordStrategy.html"
"2302","C:/Users/baldg/OneDrive/Documents/GitHub/serpifai/v7 Scripts App File Reduction/V6 working with 36K Scripts App/app_script/UI_Styles_Theme.html"
"2302","C:/Users/baldg/OneDrive/Documents/GitHub/serpifai/v7 Scripts App File Reduction/UI/UI_Styles_Theme.html"
"2288","C:/Users/baldg/OneDrive/Documents/GitHub/serpifai/v7 Scripts App File Reduction/V6 working with 36K Scripts App/app_script/FT_EliteProofExtractors.gs"
"2246","C:/Users/baldg/OneDrive/Documents/GitHub/serpifai/v7 Scripts App File Reduction/V6 working with 36K Scripts App/app_script/FT_Oracle_Test.gs"
"2200","C:/Users/baldg/OneDrive/Documents/GitHub/serpifai/v7 Scripts App File Reduction/V6 working with 36K Scripts App/app_script/DB_COMP_EliteOrchestrator.gs"
"2059","C:/Users/baldg/OneDrive/Documents/GitHub/serpifai/v7 Scripts App File Reduction/UI_Settings.gs"
"2059","C:/Users/baldg/OneDrive/Documents/GitHub/serpifai/v7 Scripts App File Reduction/V6 working with 36K Scripts App/app_script/UI_Settings.gs"
"2053","C:/Users/baldg/OneDrive/Documents/GitHub/serpifai/v7 Scripts App File Reduction/V6 working with 36K Scripts App/app_script/FT_OracleDataOrganizer.gs"
"1938","C:/Users/baldg/OneDrive/Documents/GitHub/serpifai/v7 Scripts App File Reduction/UI/UI_Elite_Modals.html"
"1878","C:/Users/baldg/OneDrive/Documents/GitHub/serpifai/v7 Scripts App File Reduction/UI/ELITE_Modals_Enhanced.html"
"1763","C:/Users/baldg/OneDrive/Documents/GitHub/serpifai/v7 Scripts App File Reduction/V6 working with 36K Scripts App/app_script/FT_ParallelFetcher.gs"
"1749","C:/Users/baldg/OneDrive/Documents/GitHub/serpifai/v7 Scripts App File Reduction/V6 working with 36K Scripts App/app_script/FT_Oracle_EliteDataSystem.gs"
"1722","C:/Users/baldg/OneDrive/Documents/GitHub/serpifai/v7 Scripts App File Reduction/V6 working with 36K Scripts App/app_script/Oracle_DataBridge.gs"
"1715","C:/Users/baldg/OneDrive/Documents/GitHub/serpifai/v7 Scripts App File Reduction/V6 working with 36K Scripts App/app_script/UI_Components_Results.html"
"1715","C:/Users/baldg/OneDrive/Documents/GitHub/serpifai/v7 Scripts App File Reduction/UI/UI_Components_Results.html"
"1695","C:/Users/baldg/OneDrive/Documents/GitHub/serpifai/v7 Scripts App File Reduction/V6 working with 36K Scripts App/app_script/FT_EliteCompetitorFetcher.gs"
"1578","C:/Users/baldg/OneDrive/Documents/GitHub/serpifai/v7 Scripts App File Reduction/FET+DB/FT_StrategicCommand.gs"
"1576","C:/Users/baldg/OneDrive/Documents/GitHub/serpifai/v7 Scripts App File Reduction/serpifai_php/handlers/competitor_handler.php"
"1533","C:/Users/baldg/OneDrive/Documents/GitHub/serpifai/v7 Scripts App File Reduction/UI/UI_Tab_StrategicCommand.html"
"1480","C:/Users/baldg/OneDrive/Documents/GitHub/serpifai/v7 Scripts App File Reduction/DB_COMP_GeminiElitePrompt.gs"
"1468","C:/Users/baldg/OneDrive/Documents/GitHub/serpifai/v7 Scripts App File Reduction/V6 working with 36K Scripts App/app_script/DB_COMP_GeminiElitePrompt.gs"
"1462","C:/Users/baldg/OneDrive/Documents/GitHub/serpifai/v7 Scripts App File Reduction/V6 working with 36K Scripts App/app_script/UI_CompetitorCategories.html"
"1462","C:/Users/baldg/OneDrive/Documents/GitHub/serpifai/v7 Scripts App File Reduction/UI/UI_CompetitorCategories.html"
"1438","C:/Users/baldg/OneDrive/Documents/GitHub/serpifai/v7 Scripts App File Reduction/V6 working with 36K Scripts App/app_script/Oracle_ForensicParser_Trust.gs"
"1436","C:/Users/baldg/OneDrive/Documents/GitHub/serpifai/v7 Scripts App File Reduction/V6 working with 36K Scripts App/app_script/UI_ProjectManager_Dual.gs"
"1436","C:/Users/baldg/OneDrive/Documents/GitHub/serpifai/v7 Scripts App File Reduction/UI_ProjectManager_Dual.gs"
"1426","C:/Users/baldg/OneDrive/Documents/GitHub/serpifai/v7 Scripts App File Reduction/V6 working with 36K Scripts App/app_script/Oracle_ForensicParser_AI.gs"
"1404","C:/Users/baldg/OneDrive/Documents/GitHub/serpifai/v7 Scripts App File Reduction/FET+DB/FT_EliteDataEnricher.gs"
"1392","C:/Users/baldg/OneDrive/Documents/GitHub/serpifai/v7 Scripts App File Reduction/UI/ELITE_UIRenderer.html"
"1373","C:/Users/baldg/OneDrive/Documents/GitHub/serpifai/v7 Scripts App File Reduction/V6 working with 36K Scripts App/app_script/DB_COMP_SmartFallback.gs"
"1332","C:/Users/baldg/OneDrive/Documents/GitHub/serpifai/v7 Scripts App File Reduction/V6 working with 36K Scripts App/app_script/DIAG_FT_DataInventory.gs"
"1329","C:/Users/baldg/OneDrive/Documents/GitHub/serpifai/v7 Scripts App File Reduction/V6 working with 36K Scripts App/app_script/UI_Charts_Competitor.html"
"1325","C:/Users/baldg/OneDrive/Documents/GitHub/serpifai/v7 Scripts App File Reduction/V6 working with 36K Scripts App/app_script/ELITE_UIRenderer.html"
"1316","C:/Users/baldg/OneDrive/Documents/GitHub/serpifai/v7 Scripts App File Reduction/V6 working with 36K Scripts App/app_script/UI_Elite_Styles.html"
"1316","C:/Users/baldg/OneDrive/Documents/GitHub/serpifai/v7 Scripts App File Reduction/UI/UI_Elite_Styles.html"
"1295","C:/Users/baldg/OneDrive/Documents/GitHub/serpifai/v7 Scripts App File Reduction/V6 working with 36K Scripts App/app_script/FT_Oracle_UIMapper.gs"
"1256","C:/Users/baldg/OneDrive/Documents/GitHub/serpifai/v7 Scripts App File Reduction/V6 working with 36K Scripts App/app_script/FT_OracleFetcher.gs"
"1249","C:/Users/baldg/OneDrive/Documents/GitHub/serpifai/v7 Scripts App File Reduction/DB_Workflow_Stage1.gs"
"1243","C:/Users/baldg/OneDrive/Documents/GitHub/serpifai/v7 Scripts App File Reduction/UI_Main.gs"
"1235","C:/Users/baldg/OneDrive/Documents/GitHub/serpifai/v7 Scripts App File Reduction/V6 working with 36K Scripts App/app_script/DIAGNOSTIC_COMPETITOR_ANALYSIS.gs"
"1230","C:/Users/baldg/OneDrive/Documents/GitHub/serpifai/v7 Scripts App File Reduction/FET+DB/FT_EliteCompetitorFetcher.gs"
"1201","C:/Users/baldg/OneDrive/Documents/GitHub/serpifai/v7 Scripts App File Reduction/FET+DB/Worker_Fetch.gs"
"1165","C:/Users/baldg/OneDrive/Documents/GitHub/serpifai/v7 Scripts App File Reduction/UI/UI_ParallelEngine.html"
"1162","C:/Users/baldg/OneDrive/Documents/GitHub/serpifai/v7 Scripts App File Reduction/serpifai_php/job_handler.php"
"1146","C:/Users/baldg/OneDrive/Documents/GitHub/serpifai/v7 Scripts App File Reduction/V6 working with 36K Scripts App/app_script/UI_Main.gs"
"1142","C:/Users/baldg/OneDrive/Documents/GitHub/serpifai/v7 Scripts App File Reduction/UI/UI_AuditTrail_Modal.html"
"1134","C:/Users/baldg/OneDrive/Documents/GitHub/serpifai/v7 Scripts App File Reduction/UI/UI_ZeroTrust_Injection.html"
"1117","C:/Users/baldg/OneDrive/Documents/GitHub/serpifai/v7 Scripts App File Reduction/CRITICAL_UI_FIX_PLAN.md"
"1116","C:/Users/baldg/OneDrive/Documents/GitHub/serpifai/v7 Scripts App File Reduction/FET+DB/FT_ParallelFetcher.gs"
"1113","C:/Users/baldg/OneDrive/Documents/GitHub/serpifai/v7 Scripts App File Reduction/V6 working with 36K Scripts App/serpifai_php/handlers/competitor_handler.php"
"1113","C:/Users/baldg/OneDrive/Documents/GitHub/serpifai/v7 Scripts App File Reduction/V6 working with 36K Scripts App/app_script/ELITE_DataVisualizationEngine.gs"
"1100","C:/Users/baldg/OneDrive/Documents/GitHub/serpifai/v7 Scripts App File Reduction/FET+DB/FT_Core.gs"
"1090","C:/Users/baldg/OneDrive/Documents/GitHub/serpifai/v7 Scripts App File Reduction/FET+DB/FT_OracleProofs.gs"
"1065","C:/Users/baldg/OneDrive/Documents/GitHub/serpifai/v7 Scripts App File Reduction/UI/UI_Tab_Conversion_v40.html"
"1065","C:/Users/baldg/OneDrive/Documents/GitHub/serpifai/v7 Scripts App File Reduction/UI/UI_Tab_Conversion.html"
"1055","C:/Users/baldg/OneDrive/Documents/GitHub/serpifai/v7 Scripts App File Reduction/V6 working with 36K Scripts App/app_script/Oracle_UI_Render.gs"
"1051","C:/Users/baldg/OneDrive/Documents/GitHub/serpifai/v7 Scripts App File Reduction/UI/UI_Components_Competitors.html"
"1050","C:/Users/baldg/OneDrive/Documents/GitHub/serpifai/v7 Scripts App File Reduction/V6 working with 36K Scripts App/app_script/UI_Components_Competitors.html"
"1035","C:/Users/baldg/OneDrive/Documents/GitHub/serpifai/v7 Scripts App File Reduction/FET+DB/FT_Tab_Audience.gs"
"1032","C:/Users/baldg/OneDrive/Documents/GitHub/serpifai/v7 Scripts App File Reduction/UI/UI_Tab_Technical.html"
"1028","C:/Users/baldg/OneDrive/Documents/GitHub/serpifai/v7 Scripts App File Reduction/FET+DB/FT_IntegrationBridge.gs"
"1024","C:/Users/baldg/OneDrive/Documents/GitHub/serpifai/v7 Scripts App File Reduction/UI/UI_Tab_AuthPerf_v40.html"
"1023","C:/Users/baldg/OneDrive/Documents/GitHub/serpifai/v7 Scripts App File Reduction/UI/UI_Tab_AuthPerf.html"
"1022","C:/Users/baldg/OneDrive/Documents/GitHub/serpifai/v7 Scripts App File Reduction/V6 working with 36K Scripts App/app_script/ELITE_IntegrationBridge.gs"
"1015","C:/Users/baldg/OneDrive/Documents/GitHub/serpifai/v7 Scripts App File Reduction/FET+DB/FT_Pipeline.gs"
"1009","C:/Users/baldg/OneDrive/Documents/GitHub/serpifai/v7 Scripts App File Reduction/V6 working with 36K Scripts App/app_script/FT_Oracle_UIIntegration.gs"
"1009","C:/Users/baldg/OneDrive/Documents/GitHub/serpifai/v7 Scripts App File Reduction/V6 working with 36K Scripts App/app_script/Oracle_ElitePrompt.gs"
"1009","C:/Users/baldg/OneDrive/Documents/GitHub/serpifai/v7 Scripts App File Reduction/FET+DB/FT_ElitePrompt.gs"
"1004","C:/Users/baldg/OneDrive/Documents/GitHub/serpifai/v7 Scripts App File Reduction/V6 working with 36K Scripts App/app_script/Oracle_Governance.gs"
"1004","C:/Users/baldg/OneDrive/Documents/GitHub/serpifai/v7 Scripts App File Reduction/FET+DB/FT_Governance.gs"
"983","C:/Users/baldg/OneDrive/Documents/GitHub/serpifai/v7 Scripts App File Reduction/UI/UI_D3_MindMap.html"
"967","C:/Users/baldg/OneDrive/Documents/GitHub/serpifai/v7 Scripts App File Reduction/FET+DB/FT_SemanticParser.gs"
"967","C:/Users/baldg/OneDrive/Documents/GitHub/serpifai/v7 Scripts App File Reduction/V6 working with 36K Scripts App/app_script/Oracle_ForensicParser_Semantic.gs"
"966","C:/Users/baldg/OneDrive/Documents/GitHub/serpifai/v7 Scripts App File Reduction/UI/UI_Elite_Integration.html"
"954","C:/Users/baldg/OneDrive/Documents/GitHub/serpifai/v7 Scripts App File Reduction/FET+DB/Worker_Persist.gs"
"951","C:/Users/baldg/OneDrive/Documents/GitHub/serpifai/v7 Scripts App File Reduction/UI/UI_Tab_Audience_v40.html"
"951","C:/Users/baldg/OneDrive/Documents/GitHub/serpifai/v7 Scripts App File Reduction/UI/UI_Tab_Audience.html"
"947","C:/Users/baldg/OneDrive/Documents/GitHub/serpifai/v7 Scripts App File Reduction/V6 working with 36K Scripts App/app_script/Oracle_EEATForensics.gs"
"947","C:/Users/baldg/OneDrive/Documents/GitHub/serpifai/v7 Scripts App File Reduction/FET+DB/FT_EEATForensics.gs"
"946","C:/Users/baldg/OneDrive/Documents/GitHub/serpifai/v7 Scripts App File Reduction/FET+DB/FT_DataWarehouse.gs"
"946","C:/Users/baldg/OneDrive/Documents/GitHub/serpifai/v7 Scripts App File Reduction/V6 working with 36K Scripts App/app_script/Oracle_DataWarehouse.gs"
"941","C:/Users/baldg/OneDrive/Documents/GitHub/serpifai/v7 Scripts App File Reduction/serpifai_php/handlers/real_metrics_handler.php"
"906","C:/Users/baldg/OneDrive/Documents/GitHub/serpifai/v7 Scripts App File Reduction/UI_ProjectLoader.gs"
"898","C:/Users/baldg/OneDrive/Documents/GitHub/serpifai/v7 Scripts App File Reduction/UI/UI_Charts_Overview.html"
"889","C:/Users/baldg/OneDrive/Documents/GitHub/serpifai/v7 Scripts App File Reduction/FET+DB/FT_Persistence.gs"
"889","C:/Users/baldg/OneDrive/Documents/GitHub/serpifai/v7 Scripts App File Reduction/V6 working with 36K Scripts App/app_script/Oracle_Persistence.gs"
"881","C:/Users/baldg/OneDrive/Documents/GitHub/serpifai/v7 Scripts App File Reduction/V6 working with 36K Scripts App/app_script/UI_Charts_Overview.html"
"880","C:/Users/baldg/OneDrive/Documents/GitHub/serpifai/v7 Scripts App File Reduction/V6 working with 36K Scripts App/app_script/UI_Elite_Integration.html"
"873","C:/Users/baldg/OneDrive/Documents/GitHub/serpifai/v7 Scripts App File Reduction/V6 working with 36K Scripts App/app_script/Oracle_JDBC_Bridge.gs"
"872","C:/Users/baldg/OneDrive/Documents/GitHub/serpifai/v7 Scripts App File Reduction/FET+DB/FT_AuditBridge.gs"
"860","C:/Users/baldg/OneDrive/Documents/GitHub/serpifai/v7 Scripts App File Reduction/DB_COMP_ClusterController.gs"
"855","C:/Users/baldg/OneDrive/Documents/GitHub/serpifai/v7 Scripts App File Reduction/V33_COMPREHENSIVE_DIAGNOSTIC_PLAN.md"
"850","C:/Users/baldg/OneDrive/Documents/GitHub/serpifai/v7 Scripts App File Reduction/UI/ELITE_Styles.html"
"841","C:/Users/baldg/OneDrive/Documents/GitHub/serpifai/v7 Scripts App File Reduction/V6 working with 36K Scripts App/app_script/Oracle_GovernanceFetcher.gs"
"823","C:/Users/baldg/OneDrive/Documents/GitHub/serpifai/v7 Scripts App File Reduction/serpifai_php/handlers/fetcher_handler.php"
"818","C:/Users/baldg/OneDrive/Documents/GitHub/serpifai/v7 Scripts App File Reduction/UI/UI_Tab_Brand.html"
"816","C:/Users/baldg/OneDrive/Documents/GitHub/serpifai/v7 Scripts App File Reduction/UI/ELITE_Tab_Strategic.html"
"794","C:/Users/baldg/OneDrive/Documents/GitHub/serpifai/v7 Scripts App File Reduction/FET+DB/Worker_Analyze.gs"
"794","C:/Users/baldg/OneDrive/Documents/GitHub/serpifai/v7 Scripts App File Reduction/UI/COMP_PDF_Generator.html"
"792","C:/Users/baldg/OneDrive/Documents/GitHub/serpifai/v7 Scripts App File Reduction/FET+DB/FT_ContentIntelligence.gs"
"787","C:/Users/baldg/OneDrive/Documents/GitHub/serpifai/v7 Scripts App File Reduction/serpifai_php/handlers/project_handler.php"
"787","C:/Users/baldg/OneDrive/Documents/GitHub/serpifai/v7 Scripts App File Reduction/V6 working with 36K Scripts App/serpifai_php/handlers/project_handler.php"
"784","C:/Users/baldg/OneDrive/Documents/GitHub/serpifai/v7 Scripts App File Reduction/UI/ELITE_Charts_Enhanced.html"
"781","C:/Users/baldg/OneDrive/Documents/GitHub/serpifai/v7 Scripts App File Reduction/FET+DB/FT_Proofs.gs"
"779","C:/Users/baldg/OneDrive/Documents/GitHub/serpifai/v7 Scripts App File Reduction/ELITE_Intelligence/ELITE_Fetcher_Content.html"
"773","C:/Users/baldg/OneDrive/Documents/GitHub/serpifai/v7 Scripts App File Reduction/V6 working with 36K Scripts App/app_script/FT_ExtractorsComprehensive.gs"
"773","C:/Users/baldg/OneDrive/Documents/GitHub/serpifai/v7 Scripts App File Reduction/FET+DB/FT_ZeroTrust_Collector.gs"
"773","C:/Users/baldg/OneDrive/Documents/GitHub/serpifai/v7 Scripts App File Reduction/FET+DB/FT_ExtractorsComprehensive.gs"
"769","C:/Users/baldg/OneDrive/Documents/GitHub/serpifai/v7 Scripts App File Reduction/serpifai_php/upp_handler.php"
"764","C:/Users/baldg/OneDrive/Documents/GitHub/serpifai/v7 Scripts App File Reduction/FET+DB/FT_EliteProofsAdvanced.gs"
"764","C:/Users/baldg/OneDrive/Documents/GitHub/serpifai/v7 Scripts App File Reduction/FET+DB/FT_BacklinkExtractor.gs"
"759","C:/Users/baldg/OneDrive/Documents/GitHub/serpifai/v7 Scripts App File Reduction/FET+DB/FT_ForensicExtractors.gs"
"759","C:/Users/baldg/OneDrive/Documents/GitHub/serpifai/v7 Scripts App File Reduction/V6 working with 36K Scripts App/app_script/FT_ForensicExtractors.gs"
"757","C:/Users/baldg/OneDrive/Documents/GitHub/serpifai/v7 Scripts App File Reduction/UI/CORE_State_Global.html"
"756","C:/Users/baldg/OneDrive/Documents/GitHub/serpifai/v7 Scripts App File Reduction/V6 working with 36K Scripts App/app_script/UI_ProjectLoader.gs"
"752","C:/Users/baldg/OneDrive/Documents/GitHub/serpifai/v7 Scripts App File Reduction/UI/ELITE_Components_Shared.html"
"749","C:/Users/baldg/OneDrive/Documents/GitHub/serpifai/v7 Scripts App File Reduction/UI/UI_Forensic_Grid.html"
"745","C:/Users/baldg/OneDrive/Documents/GitHub/serpifai/v7 Scripts App File Reduction/FET+DB/FT_KeywordExtractor.gs"
"740","C:/Users/baldg/OneDrive/Documents/GitHub/serpifai/v7 Scripts App File Reduction/FET+DB/FT_Tab_Distribution.gs"
"737","C:/Users/baldg/OneDrive/Documents/GitHub/serpifai/v7 Scripts App File Reduction/FET+DB/FT_OracleTabExtractors.gs"
"736","C:/Users/baldg/OneDrive/Documents/GitHub/serpifai/v7 Scripts App File Reduction/UI/DIAG_TabDebug.html"
"733","C:/Users/baldg/OneDrive/Documents/GitHub/serpifai/v7 Scripts App File Reduction/V6 working with 36K Scripts App/app_script/FT_CompetitorKW_Parser.gs"
"733","C:/Users/baldg/OneDrive/Documents/GitHub/serpifai/v7 Scripts App File Reduction/UI/UI_Charts_Competitor.html"
"733","C:/Users/baldg/OneDrive/Documents/GitHub/serpifai/v7 Scripts App File Reduction/UI/UI_Strategic_Display.html"
"733","C:/Users/baldg/OneDrive/Documents/GitHub/serpifai/v7 Scripts App File Reduction/FET+DB/FT_CompetitorKW_Parser.gs"
"729","C:/Users/baldg/OneDrive/Documents/GitHub/serpifai/v7 Scripts App File Reduction/FET+DB/FT_EliteGEOAEO.gs"
"725","C:/Users/baldg/OneDrive/Documents/GitHub/serpifai/v7 Scripts App File Reduction/UI/UI_Chart_Fullscreen.html"
"716","C:/Users/baldg/OneDrive/Documents/GitHub/serpifai/v7 Scripts App File Reduction/FET+DB/FT_JSON_Transformer.gs"
"715","C:/Users/baldg/OneDrive/Documents/GitHub/serpifai/v7 Scripts App File Reduction/V6 working with 36K Scripts App/app_script/FT_Oracle_Persistence.gs"
"714","C:/Users/baldg/OneDrive/Documents/GitHub/serpifai/v7 Scripts App File Reduction/DB_CompetitorStorage.gs"
"713","C:/Users/baldg/OneDrive/Documents/GitHub/serpifai/v7 Scripts App File Reduction/FET+DB/FT_Tab_GeoAeo.gs"
"707","C:/Users/baldg/OneDrive/Documents/GitHub/serpifai/v7 Scripts App File Reduction/V6 working with 36K Scripts App/serpifai_php/handlers/fetcher_handler.php"
"701","C:/Users/baldg/OneDrive/Documents/GitHub/serpifai/v7 Scripts App File Reduction/UI/COMP_Tab_Render.html"
"701","C:/Users/baldg/OneDrive/Documents/GitHub/serpifai/v7 Scripts App File Reduction/UI/UI_Tab_CategoryIntel.html"
"692","C:/Users/baldg/OneDrive/Documents/GitHub/serpifai/v7 Scripts App File Reduction/UI/UI_ProjectAutoPopulation.html"
"692","C:/Users/baldg/OneDrive/Documents/GitHub/serpifai/v7 Scripts App File Reduction/V6 working with 36K Scripts App/app_script/UI_ProjectAutoPopulation.html"
"688","C:/Users/baldg/OneDrive/Documents/GitHub/serpifai/v7 Scripts App File Reduction/ELITE_Intelligence/ELITE_Data_Organizer.html"
"687","C:/Users/baldg/OneDrive/Documents/GitHub/serpifai/v7 Scripts App File Reduction/UI/UI_Styles_Theme_UI.html"
"686","C:/Users/baldg/OneDrive/Documents/GitHub/serpifai/v7 Scripts App File Reduction/V6 working with 36K Scripts App/app_script/FT_Oracle_Pipeline.gs"
"685","C:/Users/baldg/OneDrive/Documents/GitHub/serpifai/v7 Scripts App File Reduction/FET+DB/UniversalPersistenceProvider.gs"
"682","C:/Users/baldg/OneDrive/Documents/GitHub/serpifai/v7 Scripts App File Reduction/FET+DB/FT_Strategic.gs"
"677","C:/Users/baldg/OneDrive/Documents/GitHub/serpifai/v7 Scripts App File Reduction/UI/ELITE_TabRenderers.html"
"671","C:/Users/baldg/OneDrive/Documents/GitHub/serpifai/v7 Scripts App File Reduction/FET+DB/FT_EliteProofExtractors.gs"
"668","C:/Users/baldg/OneDrive/Documents/GitHub/serpifai/v7 Scripts App File Reduction/V6 working with 36K Scripts App/app_script/FT_Storage.gs"
"664","C:/Users/baldg/OneDrive/Documents/GitHub/serpifai/v7 Scripts App File Reduction/FET+DB/FT_EliteTrafficKeywords.gs"
"657","C:/Users/baldg/OneDrive/Documents/GitHub/serpifai/v7 Scripts App File Reduction/UI/COMP_Analysis_Init.html"
"656","C:/Users/baldg/OneDrive/Documents/GitHub/serpifai/v7 Scripts App File Reduction/FET+DB/FT_Tab_Conversion.gs"
"654","C:/Users/baldg/OneDrive/Documents/GitHub/serpifai/v7 Scripts App File Reduction/UI/UI_Tab_ContentIntel.html"
"651","C:/Users/baldg/OneDrive/Documents/GitHub/serpifai/v7 Scripts App File Reduction/FET+DB/FT_Tab_ContentOps.gs"
"645","C:/Users/baldg/OneDrive/Documents/GitHub/serpifai/v7 Scripts App File Reduction/UI/UI_Tab_ContentSystems.html"
"640","C:/Users/baldg/OneDrive/Documents/GitHub/serpifai/v7 Scripts App File Reduction/FET+DB/FT_Serper_Oracle_Bridge.gs"
"632","C:/Users/baldg/OneDrive/Documents/GitHub/serpifai/v7 Scripts App File Reduction/UI/UI_Navigation_Project_Handlers.html"
"624","C:/Users/baldg/OneDrive/Documents/GitHub/serpifai/v7 Scripts App File Reduction/UI/ELITE_Strategic.html"
"624","C:/Users/baldg/OneDrive/Documents/GitHub/serpifai/v7 Scripts App File Reduction/V6 working with 36K Scripts App/app_script/FT_Oracle_KeywordExtractor.gs"
"623","C:/Users/baldg/OneDrive/Documents/GitHub/serpifai/v7 Scripts App File Reduction/FET+DB/FT_MetaLinksExtractor.gs"
"623","C:/Users/baldg/OneDrive/Documents/GitHub/serpifai/v7 Scripts App File Reduction/V6 working with 36K Scripts App/app_script/FT_Oracle_MetaLinksExtractor.gs"
"620","C:/Users/baldg/OneDrive/Documents/GitHub/serpifai/v7 Scripts App File Reduction/V6 working with 36K Scripts App/app_script/FT_FetchSingle.gs"
"620","C:/Users/baldg/OneDrive/Documents/GitHub/serpifai/v7 Scripts App File Reduction/FET+DB/FT_FetchSingle.gs"
"616","C:/Users/baldg/OneDrive/Documents/GitHub/serpifai/v7 Scripts App File Reduction/V6 working with 36K Scripts App/app_script/FT_Oracle_ElitePrompt.gs"
"601","C:/Users/baldg/OneDrive/Documents/GitHub/serpifai/v7 Scripts App File Reduction/V6 working with 36K Scripts App/app_script/FT_Compliance.gs"
"597","C:/Users/baldg/OneDrive/Documents/GitHub/serpifai/v7 Scripts App File Reduction/ELITE_Intelligence/ELITE_Fetcher_Backlinks.html"
"591","C:/Users/baldg/OneDrive/Documents/GitHub/serpifai/v7 Scripts App File Reduction/UI_ProjectManager.gs"
"590","C:/Users/baldg/OneDrive/Documents/GitHub/serpifai/v7 Scripts App File Reduction/serpifai_php/handlers/project_handler_mysqli.backup"
"590","C:/Users/baldg/OneDrive/Documents/GitHub/serpifai/v7 Scripts App File Reduction/ELITE_Intelligence/ELITE_Fetcher_Keywords.html"
"590","C:/Users/baldg/OneDrive/Documents/GitHub/serpifai/v7 Scripts App File Reduction/V6 working with 36K Scripts App/serpifai_php/handlers/project_handler_mysqli.backup"
"587","C:/Users/baldg/OneDrive/Documents/GitHub/serpifai/v7 Scripts App File Reduction/V6 working with 36K Scripts App/app_script/FT_Oracle_EEATExtractor.gs"
"582","C:/Users/baldg/OneDrive/Documents/GitHub/serpifai/v7 Scripts App File Reduction/V6 working with 36K Scripts App/app_script/UI_ProjectManager.gs"
"582","C:/Users/baldg/OneDrive/Documents/GitHub/serpifai/v7 Scripts App File Reduction/FET+DB/FT_Tab_ContentStrategy.gs"
"581","C:/Users/baldg/OneDrive/Documents/GitHub/serpifai/v7 Scripts App File Reduction/V6 working with 36K Scripts App/app_script/DB_Workflow_Stage1.gs"
"576","C:/Users/baldg/OneDrive/Documents/GitHub/serpifai/v7 Scripts App File Reduction/V6 working with 36K Scripts App/app_script/DB_COMP_GeminiEstimator.gs"
"576","C:/Users/baldg/OneDrive/Documents/GitHub/serpifai/v7 Scripts App File Reduction/FET+DB/FT_GeminiEstimator.gs"
"570","C:/Users/baldg/OneDrive/Documents/GitHub/serpifai/v7 Scripts App File Reduction/DB_ScriptProperties.gs"
"566","C:/Users/baldg/OneDrive/Documents/GitHub/serpifai/v7 Scripts App File Reduction/V6 working with 36K Scripts App/app_script/DB_COMP_ElitePrompt.gs"
"565","C:/Users/baldg/OneDrive/Documents/GitHub/serpifai/v7 Scripts App File Reduction/DB_ProjectManager_Elite.gs"
"565","C:/Users/baldg/OneDrive/Documents/GitHub/serpifai/v7 Scripts App File Reduction/V6 working with 36K Scripts App/app_script/DB_ProjectManager_Elite.gs"
"564","C:/Users/baldg/OneDrive/Documents/GitHub/serpifai/v7 Scripts App File Reduction/V6 working with 36K Scripts App/app_script/DB_WORKFLOW_STAGE1_IMPROVED.gs"
"556","C:/Users/baldg/OneDrive/Documents/GitHub/serpifai/v7 Scripts App File Reduction/UI/UI_Scripts_App.html"
"554","C:/Users/baldg/OneDrive/Documents/GitHub/serpifai/v7 Scripts App File Reduction/ELITE_Intelligence/ELITE_Fetcher_Technical.html"
"553","C:/Users/baldg/OneDrive/Documents/GitHub/serpifai/v7 Scripts App File Reduction/UI/UI_Accuracy_Trends.html"
"550","C:/Users/baldg/OneDrive/Documents/GitHub/serpifai/v7 Scripts App File Reduction/V6 working with 36K Scripts App/app_script/FT_FullSnapshot.gs"
"550","C:/Users/baldg/OneDrive/Documents/GitHub/serpifai/v7 Scripts App File Reduction/DIAG_TabLoading.gs"
"546","C:/Users/baldg/OneDrive/Documents/GitHub/serpifai/v7 Scripts App File Reduction/UI/UI_Tab_Scoring.html"
"545","C:/Users/baldg/OneDrive/Documents/GitHub/serpifai/v7 Scripts App File Reduction/V6 working with 36K Scripts App/app_script/TEST_EliteHybridFetcher.gs"
"540","C:/Users/baldg/OneDrive/Documents/GitHub/serpifai/v7 Scripts App File Reduction/UI/UI_Styles_Theme_Settings.html"
"533","C:/Users/baldg/OneDrive/Documents/GitHub/serpifai/v7 Scripts App File Reduction/V6 working with 36K Scripts App/app_script/FT_Oracle_HeadingExtractor.gs"
"533","C:/Users/baldg/OneDrive/Documents/GitHub/serpifai/v7 Scripts App File Reduction/FET+DB/FT_HeadingExtractor.gs"
"531","C:/Users/baldg/OneDrive/Documents/GitHub/serpifai/v7 Scripts App File Reduction/FET+DB/FT_Gateway.gs"
"531","C:/Users/baldg/OneDrive/Documents/GitHub/serpifai/v7 Scripts App File Reduction/DB_COMP_Main.gs"
"531","C:/Users/baldg/OneDrive/Documents/GitHub/serpifai/v7 Scripts App File Reduction/V6 working with 36K Scripts App/app_script/UI_Gateway.gs"
"528","C:/Users/baldg/OneDrive/Documents/GitHub/serpifai/v7 Scripts App File Reduction/UI/KW_Moat_Analysis.html"
"526","C:/Users/baldg/OneDrive/Documents/GitHub/serpifai/v7 Scripts App File Reduction/UI/UI_Elite_Opportunity_Engine.html"
"520","C:/Users/baldg/OneDrive/Documents/GitHub/serpifai/v7 Scripts App File Reduction/FET+DB/FT_BatchFetcher.gs"
"518","C:/Users/baldg/OneDrive/Documents/GitHub/serpifai/v7 Scripts App File Reduction/V6 working with 36K Scripts App/app_script/FT_Oracle_BatchFetcher.gs"
"517","C:/Users/baldg/OneDrive/Documents/GitHub/serpifai/v7 Scripts App File Reduction/V6 working with 36K Scripts App/app_script/UI_Components_Workflow.html"
"517","C:/Users/baldg/OneDrive/Documents/GitHub/serpifai/v7 Scripts App File Reduction/UI/UI_Components_Workflow.html"
"514","C:/Users/baldg/OneDrive/Documents/GitHub/serpifai/v7 Scripts App File Reduction/UI/UI_Charts_Competitor_Extended.html"
"512","C:/Users/baldg/OneDrive/Documents/GitHub/serpifai/v7 Scripts App File Reduction/V6 working with 36K Scripts App/app_script/FT_FetchMulti.gs"
"509","C:/Users/baldg/OneDrive/Documents/GitHub/serpifai/v7 Scripts App File Reduction/DIAG_Keywords.gs"
"508","C:/Users/baldg/OneDrive/Documents/GitHub/serpifai/v7 Scripts App File Reduction/UI/UI_Data_Mapper.html"
"508","C:/Users/baldg/OneDrive/Documents/GitHub/serpifai/v7 Scripts App File Reduction/V6 working with 36K Scripts App/app_script/UI_Data_Mapper.html"
"507","C:/Users/baldg/OneDrive/Documents/GitHub/serpifai/v7 Scripts App File Reduction/V6 working with 36K Scripts App/app_script/FT_Oracle_BacklinkExtractor.gs"
"506","C:/Users/baldg/OneDrive/Documents/GitHub/serpifai/v7 Scripts App File Reduction/V6 working with 36K Scripts App/app_script/DB_ProjectSetup_UserProjects.gs"
"506","C:/Users/baldg/OneDrive/Documents/GitHub/serpifai/v7 Scripts App File Reduction/DB_ProjectSetup_UserProjects.gs"
"505","C:/Users/baldg/OneDrive/Documents/GitHub/serpifai/v7 Scripts App File Reduction/UI/UI_Competitor_Tabs.html"
"505","C:/Users/baldg/OneDrive/Documents/GitHub/serpifai/v7 Scripts App File Reduction/DIAG_ModalData.gs"
"503","C:/Users/baldg/OneDrive/Documents/GitHub/serpifai/v7 Scripts App File Reduction/V6 working with 36K Scripts App/app_script/UI_Components_Results_Elite.html"
"503","C:/Users/baldg/OneDrive/Documents/GitHub/serpifai/v7 Scripts App File Reduction/UI/UI_Components_Results_Elite.html"
"502","C:/Users/baldg/OneDrive/Documents/GitHub/serpifai/v7 Scripts App File Reduction/UI/GEMINI_Elite_Prompts.html"
"500","C:/Users/baldg/OneDrive/Documents/GitHub/serpifai/v7 Scripts App File Reduction/serpifai_php/api_gateway.php"
"497","C:/Users/baldg/OneDrive/Documents/GitHub/serpifai/v7 Scripts App File Reduction/V6 working with 36K Scripts App/app_script/FT_Oracle_BlogDiscovery.gs"
"497","C:/Users/baldg/OneDrive/Documents/GitHub/serpifai/v7 Scripts App File Reduction/FET+DB/FT_BlogDiscovery.gs"
"494","C:/Users/baldg/OneDrive/Documents/GitHub/serpifai/v7 Scripts App File Reduction/UI/UI_Overview_Table_Elite.html"
"492","C:/Users/baldg/OneDrive/Documents/GitHub/serpifai/v7 Scripts App File Reduction/FET+DB/FT_ForensicAEO.gs"
"491","C:/Users/baldg/OneDrive/Documents/GitHub/serpifai/v7 Scripts App File Reduction/V6 working with 36K Scripts App/serpifai_php/handlers/project_handler.php.backup"
"491","C:/Users/baldg/OneDrive/Documents/GitHub/serpifai/v7 Scripts App File Reduction/serpifai_php/handlers/project_handler.php.backup"
"490","C:/Users/baldg/OneDrive/Documents/GitHub/serpifai/v7 Scripts App File Reduction/UI/UI_Chart_Generator.html"
"489","C:/Users/baldg/OneDrive/Documents/GitHub/serpifai/v7 Scripts App File Reduction/UI/UI_Elite_Charts_Strategic.html"
"489","C:/Users/baldg/OneDrive/Documents/GitHub/serpifai/v7 Scripts App File Reduction/FET+DB/FT_OracleDataOrganizer.gs"
"488","C:/Users/baldg/OneDrive/Documents/GitHub/serpifai/v7 Scripts App File Reduction/UI/UI_Chart_Info.html"
"487","C:/Users/baldg/OneDrive/Documents/GitHub/serpifai/v7 Scripts App File Reduction/UI/UI_Styles_Theme_Competitor.html"
"486","C:/Users/baldg/OneDrive/Documents/GitHub/serpifai/v7 Scripts App File Reduction/V6 working with 36K Scripts App/app_script/DB_CompetitorStorage.gs"
"485","C:/Users/baldg/OneDrive/Documents/GitHub/serpifai/v7 Scripts App File Reduction/UI/UI_Elite_Charts_Authority.html"
"485","C:/Users/baldg/OneDrive/Documents/GitHub/serpifai/v7 Scripts App File Reduction/UI/UI_PDF_Export.html"
"480","C:/Users/baldg/OneDrive/Documents/GitHub/serpifai/v7 Scripts App File Reduction/UI/KW_Strategy_Payload.html"
"475","C:/Users/baldg/OneDrive/Documents/GitHub/serpifai/v7 Scripts App File Reduction/UI/UI_Charts_Diagnostic.html"
"475","C:/Users/baldg/OneDrive/Documents/GitHub/serpifai/v7 Scripts App File Reduction/UI/UI_Elite_Results_Viewport.html"
"475","C:/Users/baldg/OneDrive/Documents/GitHub/serpifai/v7 Scripts App File Reduction/V6 working with 36K Scripts App/app_script/UI_Charts_Diagnostic.html"
"475","C:/Users/baldg/OneDrive/Documents/GitHub/serpifai/v7 Scripts App File Reduction/V6 working with 36K Scripts App/app_script/UI_Elite_Results_Viewport.html"
"473","C:/Users/baldg/OneDrive/Documents/GitHub/serpifai/v7 Scripts App File Reduction/UI/UI_D3_TopicGalaxy.html"
"471","C:/Users/baldg/OneDrive/Documents/GitHub/serpifai/v7 Scripts App File Reduction/ELITE_Intelligence/ELITE_Fetcher_Core.html"
"466","C:/Users/baldg/OneDrive/Documents/GitHub/serpifai/v7 Scripts App File Reduction/php_backend/job_handler.php"
"466","C:/Users/baldg/OneDrive/Documents/GitHub/serpifai/v7 Scripts App File Reduction/serpifai_php/lib/EliteTrafficCalculator.php"
"466","C:/Users/baldg/OneDrive/Documents/GitHub/serpifai/v7 Scripts App File Reduction/UI/UI_Elite_Charts_Market.html"
"466","C:/Users/baldg/OneDrive/Documents/GitHub/serpifai/v7 Scripts App File Reduction/V6 working with 36K Scripts App/serpifai_php/lib/EliteTrafficCalculator.php"
"465","C:/Users/baldg/OneDrive/Documents/GitHub/serpifai/v7 Scripts App File Reduction/serpifai_php/apis/gemini_api.php"
"465","C:/Users/baldg/OneDrive/Documents/GitHub/serpifai/v7 Scripts App File Reduction/V6 working with 36K Scripts App/serpifai_php/apis/gemini_api.php"
"462","C:/Users/baldg/OneDrive/Documents/GitHub/serpifai/v7 Scripts App File Reduction/V6 working with 36K Scripts App/app_script/FT_ExtractSchema.gs"
"459","C:/Users/baldg/OneDrive/Documents/GitHub/serpifai/v7 Scripts App File Reduction/V6 working with 36K Scripts App/app_script/DIAGNOSTIC_DataFlowTest.gs"
"454","C:/Users/baldg/OneDrive/Documents/GitHub/serpifai/v7 Scripts App File Reduction/V6 working with 36K Scripts App/serpifai_php/api_gateway.php"
"451","C:/Users/baldg/OneDrive/Documents/GitHub/serpifai/v7 Scripts App File Reduction/UI/UI_Tab_ContentIntel_Charts.html"
"451","C:/Users/baldg/OneDrive/Documents/GitHub/serpifai/v7 Scripts App File Reduction/V6 working with 36K Scripts App/app_script/FT_ExtractLinks.gs"
"450","C:/Users/baldg/OneDrive/Documents/GitHub/serpifai/v7 Scripts App File Reduction/V6 working with 36K Scripts App/app_script/DIAG_VerifyAllFixes.gs"
"449","C:/Users/baldg/OneDrive/Documents/GitHub/serpifai/v7 Scripts App File Reduction/UI/ELITE_Executive.html"
"447","C:/Users/baldg/OneDrive/Documents/GitHub/serpifai/v7 Scripts App File Reduction/DIAG_ExecutiveBrief.gs"
"445","C:/Users/baldg/OneDrive/Documents/GitHub/serpifai/v7 Scripts App File Reduction/serpifai_php/data_inventory.php"
"442","C:/Users/baldg/OneDrive/Documents/GitHub/serpifai/v7 Scripts App File Reduction/UI/UI_Stage1_Renderer.html"
"441","C:/Users/baldg/OneDrive/Documents/GitHub/serpifai/v7 Scripts App File Reduction/FET+DB/FT_Tab_Authority.gs"
"439","C:/Users/baldg/OneDrive/Documents/GitHub/serpifai/v7 Scripts App File Reduction/V6 working with 36K Scripts App/app_script/FT_ExtractImages.gs"
"436","C:/Users/baldg/OneDrive/Documents/GitHub/serpifai/v7 Scripts App File Reduction/FET+DB/FT_Helpers.gs"
"433","C:/Users/baldg/OneDrive/Documents/GitHub/serpifai/v7 Scripts App File Reduction/FET+DB/FT_Tab_Opportunities.gs"
"432","C:/Users/baldg/OneDrive/Documents/GitHub/serpifai/v7 Scripts App File Reduction/UI/ELITE_Forensics.html"
"432","C:/Users/baldg/OneDrive/Documents/GitHub/serpifai/v7 Scripts App File Reduction/FET+DB/FT_RealMetrics.gs"
"430","C:/Users/baldg/OneDrive/Documents/GitHub/serpifai/v7 Scripts App File Reduction/DIAG_Pipeline.gs"
"430","C:/Users/baldg/OneDrive/Documents/GitHub/serpifai/v7 Scripts App File Reduction/UI/UI_Tab_AuthPerf_V45.html"
"429","C:/Users/baldg/OneDrive/Documents/GitHub/serpifai/v7 Scripts App File Reduction/UI/UI_Styles_Theme_Core.html"
"428","C:/Users/baldg/OneDrive/Documents/GitHub/serpifai/v7 Scripts App File Reduction/UI/UI_KW_Strategy_Charts.html"
"428","C:/Users/baldg/OneDrive/Documents/GitHub/serpifai/v7 Scripts App File Reduction/FET+DB/FT_Tab_Content.gs"
"428","C:/Users/baldg/OneDrive/Documents/GitHub/serpifai/v7 Scripts App File Reduction/php_backend/database_migrations/parallel_task_cluster_v22.sql"
"426","C:/Users/baldg/OneDrive/Documents/GitHub/serpifai/v7 Scripts App File Reduction/V6 working with 36K Scripts App/app_script/FT_ExtractMetadata.gs"
"425","C:/Users/baldg/OneDrive/Documents/GitHub/serpifai/v7 Scripts App File Reduction/UI/ELITE_Helpers.html"
"423","C:/Users/baldg/OneDrive/Documents/GitHub/serpifai/v7 Scripts App File Reduction/UI/UI_Tab_Conversion_V45.html"
"422","C:/Users/baldg/OneDrive/Documents/GitHub/serpifai/v7 Scripts App File Reduction/MASTER_DIAGNOSTIC_AND_FIX_PLAN.md"
"422","C:/Users/baldg/OneDrive/Documents/GitHub/serpifai/v7 Scripts App File Reduction/FET+DB/WorkflowSeeder.gs"
"421","C:/Users/baldg/OneDrive/Documents/GitHub/serpifai/v7 Scripts App File Reduction/UI/COMP_Gap_Analysis.html"
"419","C:/Users/baldg/OneDrive/Documents/GitHub/serpifai/v7 Scripts App File Reduction/FET+DB/FT_Tab_Overview.gs"
"417","C:/Users/baldg/OneDrive/Documents/GitHub/serpifai/v7 Scripts App File Reduction/UI/KW_Strategy_Helpers.html"
"417","C:/Users/baldg/OneDrive/Documents/GitHub/serpifai/v7 Scripts App File Reduction/UI/UI_Charts_Renderers.html"
"415","C:/Users/baldg/OneDrive/Documents/GitHub/serpifai/v7 Scripts App File Reduction/V6 working with 36K Scripts App/app_script/FT_CompetitorAPIFetcher.gs"
"411","C:/Users/baldg/OneDrive/Documents/GitHub/serpifai/v7 Scripts App File Reduction/V34_COMPREHENSIVE_FIX.md"
"410","C:/Users/baldg/OneDrive/Documents/GitHub/serpifai/v7 Scripts App File Reduction/DIAG_SerperAPI.gs"
"401","C:/Users/baldg/OneDrive/Documents/GitHub/serpifai/v7 Scripts App File Reduction/DIAG_BacklinkEstimation.gs"
"400","C:/Users/baldg/OneDrive/Documents/GitHub/serpifai/v7 Scripts App File Reduction/UI/UI_Nav_Handlers.html"
"392","C:/Users/baldg/OneDrive/Documents/GitHub/serpifai/v7 Scripts App File Reduction/UI/UI_Metrics_Engine.html"
"392","C:/Users/baldg/OneDrive/Documents/GitHub/serpifai/v7 Scripts App File Reduction/V6 working with 36K Scripts App/app_script/UI_Metrics_Engine.html"
"385","C:/Users/baldg/OneDrive/Documents/GitHub/serpifai/v7 Scripts App File Reduction/serpifai_php/DEEP_DIAGNOSTIC.php"
"379","C:/Users/baldg/OneDrive/Documents/GitHub/serpifai/v7 Scripts App File Reduction/UI/UI_Elite_IntelligentMetrics.html"
"378","C:/Users/baldg/OneDrive/Documents/GitHub/serpifai/v7 Scripts App File Reduction/V6 working with 36K Scripts App/app_script/TEST_ProjectSave.gs"
"369","C:/Users/baldg/OneDrive/Documents/GitHub/serpifai/v7 Scripts App File Reduction/UI/UI_Tab_Audience_V45.html"
"368","C:/Users/baldg/OneDrive/Documents/GitHub/serpifai/v7 Scripts App File Reduction/DB_DataPersistence.gs"
"368","C:/Users/baldg/OneDrive/Documents/GitHub/serpifai/v7 Scripts App File Reduction/UI/ELITE_SERP.html"
"367","C:/Users/baldg/OneDrive/Documents/GitHub/serpifai/v7 Scripts App File Reduction/V6 working with 36K Scripts App/app_script/UI_Elite_IntelligentMetrics.html"
"365","C:/Users/baldg/OneDrive/Documents/GitHub/serpifai/v7 Scripts App File Reduction/UI/UI_Gemini_Insights.html"
"360","C:/Users/baldg/OneDrive/Documents/GitHub/serpifai/v7 Scripts App File Reduction/UI/UI_Chart_Config.html"
"356","C:/Users/baldg/OneDrive/Documents/GitHub/serpifai/v7 Scripts App File Reduction/FET+DB/FT_CreditGuard.gs"
"353","C:/Users/baldg/OneDrive/Documents/GitHub/serpifai/v7 Scripts App File Reduction/V6 working with 36K Scripts App/app_script/DIAG_LICENSE_KEY_FLOW.gs"
"350","C:/Users/baldg/OneDrive/Documents/GitHub/serpifai/v7 Scripts App File Reduction/UI/ELITE_Proof.html"
"347","C:/Users/baldg/OneDrive/Documents/GitHub/serpifai/v7 Scripts App File Reduction/V6 working with 36K Scripts App/app_script/TEST_COMPREHENSIVE_UI.gs"
"345","C:/Users/baldg/OneDrive/Documents/GitHub/serpifai/v7 Scripts App File Reduction/UI/COMP_ActionBar.html"
"345","C:/Users/baldg/OneDrive/Documents/GitHub/serpifai/v7 Scripts App File Reduction/V6 working with 36K Scripts App/serpifai_php/handlers/project_cache_sync.php"
"345","C:/Users/baldg/OneDrive/Documents/GitHub/serpifai/v7 Scripts App File Reduction/serpifai_php/handlers/project_cache_sync.php"
"336","C:/Users/baldg/OneDrive/Documents/GitHub/serpifai/v7 Scripts App File Reduction/UI/UI_Elite_Overlays.html"
"336","C:/Users/baldg/OneDrive/Documents/GitHub/serpifai/v7 Scripts App File Reduction/V6 working with 36K Scripts App/app_script/Oracle_Global_Config.gs"
"335","C:/Users/baldg/OneDrive/Documents/GitHub/serpifai/v7 Scripts App File Reduction/V6 working with 36K Scripts App/serpifai_php/lib/CompetitorHistoryHandler.php"
"335","C:/Users/baldg/OneDrive/Documents/GitHub/serpifai/v7 Scripts App File Reduction/serpifai_php/lib/CompetitorHistoryHandler.php"
"335","C:/Users/baldg/OneDrive/Documents/GitHub/serpifai/v7 Scripts App File Reduction/UI/UI_Evidence_Extraction.html"
"333","C:/Users/baldg/OneDrive/Documents/GitHub/serpifai/v7 Scripts App File Reduction/V6 working with 36K Scripts App/app_script/DB_ProjectLoader_Adapter.gs"
"333","C:/Users/baldg/OneDrive/Documents/GitHub/serpifai/v7 Scripts App File Reduction/UI/UI_Strategy_Panel.html"
"333","C:/Users/baldg/OneDrive/Documents/GitHub/serpifai/v7 Scripts App File Reduction/DB_ProjectLoader_Adapter.gs"
"331","C:/Users/baldg/OneDrive/Documents/GitHub/serpifai/v7 Scripts App File Reduction/UI/KW_Money_Moat.html"
"328","C:/Users/baldg/OneDrive/Documents/GitHub/serpifai/v7 Scripts App File Reduction/serpifai_php/api_gateway_debug.php"
"324","C:/Users/baldg/OneDrive/Documents/GitHub/serpifai/v7 Scripts App File Reduction/serpifai_php/COMPLETE_DEPLOYMENT_GUIDE.md"
"324","C:/Users/baldg/OneDrive/Documents/GitHub/serpifai/v7 Scripts App File Reduction/V6 working with 36K Scripts App/serpifai_php/COMPLETE_DEPLOYMENT_GUIDE.md"
"323","C:/Users/baldg/OneDrive/Documents/GitHub/serpifai/v7 Scripts App File Reduction/V6 working with 36K Scripts App/app_script/FT_Config.gs"
"321","C:/Users/baldg/OneDrive/Documents/GitHub/serpifai/v7 Scripts App File Reduction/FET+DB/FT_EvidenceMap.gs"
"315","C:/Users/baldg/OneDrive/Documents/GitHub/serpifai/v7 Scripts App File Reduction/V6 working with 36K Scripts App/app_script/DIAG_CHECK_DEPLOYMENT.gs"
"314","C:/Users/baldg/OneDrive/Documents/GitHub/serpifai/v7 Scripts App File Reduction/UI/UI_Elite_Charts_Brand.html"
"313","C:/Users/baldg/OneDrive/Documents/GitHub/serpifai/v7 Scripts App File Reduction/UI/KW_LongTail_LLM.html"
"309","C:/Users/baldg/OneDrive/Documents/GitHub/serpifai/v7 Scripts App File Reduction/UI/KW_Forensic_LongTail.html"
"305","C:/Users/baldg/OneDrive/Documents/GitHub/serpifai/v7 Scripts App File Reduction/UI/UI_Evidence_Render2.html"
"304","C:/Users/baldg/OneDrive/Documents/GitHub/serpifai/v7 Scripts App File Reduction/UI/DATA_Elite_Traffic.html"
"303","C:/Users/baldg/OneDrive/Documents/GitHub/serpifai/v7 Scripts App File Reduction/serpifai_php/diagnose_500.php"
"302","C:/Users/baldg/OneDrive/Documents/GitHub/serpifai/v7 Scripts App File Reduction/UI/UI_Elite_Charts_Content.html"
"301","C:/Users/baldg/OneDrive/Documents/GitHub/serpifai/v7 Scripts App File Reduction/V6 working with 36K Scripts App/app_script/TEST_ELITE_DIAGNOSTIC.gs"
"296","C:/Users/baldg/OneDrive/Documents/GitHub/serpifai/v7 Scripts App File Reduction/V6 working with 36K Scripts App/app_script/FT_Router.gs"
"296","C:/Users/baldg/OneDrive/Documents/GitHub/serpifai/v7 Scripts App File Reduction/core/config.gs"
"296","C:/Users/baldg/OneDrive/Documents/GitHub/serpifai/v7 Scripts App File Reduction/UI/CORE_Project_Manager.html"
"296","C:/Users/baldg/OneDrive/Documents/GitHub/serpifai/v7 Scripts App File Reduction/V6 working with 36K Scripts App/serpifai_php/handlers/user_handler.php"
"296","C:/Users/baldg/OneDrive/Documents/GitHub/serpifai/v7 Scripts App File Reduction/serpifai_php/handlers/user_handler.php"
"292","C:/Users/baldg/OneDrive/Documents/GitHub/serpifai/v7 Scripts App File Reduction/FET+DB/FT_Tab_Technical.gs"
"286","C:/Users/baldg/OneDrive/Documents/GitHub/serpifai/v7 Scripts App File Reduction/ORACLE_ELITE_BLUEPRINT.md"
"281","C:/Users/baldg/OneDrive/Documents/GitHub/serpifai/v7 Scripts App File Reduction/UI/UI_Kill_Moves.html"
"280","C:/Users/baldg/OneDrive/Documents/GitHub/serpifai/v7 Scripts App File Reduction/UI/KW_Forensic_Primary.html"
"278","C:/Users/baldg/OneDrive/Documents/GitHub/serpifai/v7 Scripts App File Reduction/UI/UI_Styles_DataBadges.html"
"278","C:/Users/baldg/OneDrive/Documents/GitHub/serpifai/v7 Scripts App File Reduction/V6 working with 36K Scripts App/app_script/UI_Styles_DataBadges.html"
"274","C:/Users/baldg/OneDrive/Documents/GitHub/serpifai/v7 Scripts App File Reduction/UI/UI_Elite_Renderer.html"
"271","C:/Users/baldg/OneDrive/Documents/GitHub/serpifai/v7 Scripts App File Reduction/UI/UI_Tab_Insights.html"
"264","C:/Users/baldg/OneDrive/Documents/GitHub/serpifai/v7 Scripts App File Reduction/DB_Setup.gs"
"264","C:/Users/baldg/OneDrive/Documents/GitHub/serpifai/v7 Scripts App File Reduction/V6 working with 36K Scripts App/app_script/DB_Setup.gs"
"263","C:/Users/baldg/OneDrive/Documents/GitHub/serpifai/v7 Scripts App File Reduction/UI/UI_Gemini_Parser.html"
"259","C:/Users/baldg/OneDrive/Documents/GitHub/serpifai/v7 Scripts App File Reduction/UI/UI_Scripts_Settings.html"
"259","C:/Users/baldg/OneDrive/Documents/GitHub/serpifai/v7 Scripts App File Reduction/V6 working with 36K Scripts App/app_script/UI_Scripts_Settings.html"
"257","C:/Users/baldg/OneDrive/Documents/GitHub/serpifai/v7 Scripts App File Reduction/serpifai_php/apis/serper_api.php"
"257","C:/Users/baldg/OneDrive/Documents/GitHub/serpifai/v7 Scripts App File Reduction/V6 working with 36K Scripts App/serpifai_php/apis/serper_api.php"
"257","C:/Users/baldg/OneDrive/Documents/GitHub/serpifai/v7 Scripts App File Reduction/UI/DATA_Real_Metrics.html"
"256","C:/Users/baldg/OneDrive/Documents/GitHub/serpifai/v7 Scripts App File Reduction/DB_Config.gs"
"256","C:/Users/baldg/OneDrive/Documents/GitHub/serpifai/v7 Scripts App File Reduction/V6 working with 36K Scripts App/app_script/DB_Config.gs"
"255","C:/Users/baldg/OneDrive/Documents/GitHub/serpifai/v7 Scripts App File Reduction/FET+DB/FT_Tab_Brand.gs"
"255","C:/Users/baldg/OneDrive/Documents/GitHub/serpifai/v7 Scripts App File Reduction/V6 working with 36K Scripts App/serpifai_php/apis/openpagerank_api.php"
"255","C:/Users/baldg/OneDrive/Documents/GitHub/serpifai/v7 Scripts App File Reduction/serpifai_php/apis/openpagerank_api.php"
"254","C:/Users/baldg/OneDrive/Documents/GitHub/serpifai/v7 Scripts App File Reduction/UI/UI_Strategy_AIO.html"
"253","C:/Users/baldg/OneDrive/Documents/GitHub/serpifai/v7 Scripts App File Reduction/UI/UI_Elite_Charts_Utils.html"
"253","C:/Users/baldg/OneDrive/Documents/GitHub/serpifai/v7 Scripts App File Reduction/UI/KW_Forensic_Matrix.html"
"252","C:/Users/baldg/OneDrive/Documents/GitHub/serpifai/v7 Scripts App File Reduction/UI/KW_SGE_Resilience.html"
"252","C:/Users/baldg/OneDrive/Documents/GitHub/serpifai/v7 Scripts App File Reduction/V6 working with 36K Scripts App/app_script/UI_EliteResultsRenderer.gs"
"251","C:/Users/baldg/OneDrive/Documents/GitHub/serpifai/v7 Scripts App File Reduction/V6 working with 36K Scripts App/app_script/FT_EliteEntryPoint.gs"
"249","C:/Users/baldg/OneDrive/Documents/GitHub/serpifai/v7 Scripts App File Reduction/UI/CORE_Form_Data.html"
"246","C:/Users/baldg/OneDrive/Documents/GitHub/serpifai/v7 Scripts App File Reduction/ELITE_IMPLEMENTATION_PLAN.md"
"244","C:/Users/baldg/OneDrive/Documents/GitHub/serpifai/v7 Scripts App File Reduction/serpifai_php/stripe/webhook_handler.php"
"244","C:/Users/baldg/OneDrive/Documents/GitHub/serpifai/v7 Scripts App File Reduction/UI/COMP_Export_Sort.html"
"244","C:/Users/baldg/OneDrive/Documents/GitHub/serpifai/v7 Scripts App File Reduction/V6 working with 36K Scripts App/serpifai_php/stripe/webhook_handler.php"
"242","C:/Users/baldg/OneDrive/Documents/GitHub/serpifai/v7 Scripts App File Reduction/UI/UI_Core_Utils.html"
"241","C:/Users/baldg/OneDrive/Documents/GitHub/serpifai/v7 Scripts App File Reduction/V6 working with 36K Scripts App/app_script/DIAG_TRACE_FULL_FLOW.gs"
"241","C:/Users/baldg/OneDrive/Documents/GitHub/serpifai/v7 Scripts App File Reduction/UI/UI_Modal_System.html"
"240","C:/Users/baldg/OneDrive/Documents/GitHub/serpifai/v7 Scripts App File Reduction/V6 working with 36K Scripts App/app_script/TEST_DIAGNOSTIC_DEEP.gs"
"239","C:/Users/baldg/OneDrive/Documents/GitHub/serpifai/v7 Scripts App File Reduction/UI/UI_Executive_Config.html"
"239","C:/Users/baldg/OneDrive/Documents/GitHub/serpifai/v7 Scripts App File Reduction/UI/UI_Styles_Theme_Components.html"
"237","C:/Users/baldg/OneDrive/Documents/GitHub/serpifai/v7 Scripts App File Reduction/V6 working with 36K Scripts App/app_script/SETUP_Configuration.gs"
"229","C:/Users/baldg/OneDrive/Documents/GitHub/serpifai/v7 Scripts App File Reduction/V6 working with 36K Scripts App/serpifai_php/apis/pagespeed_api.php"
"229","C:/Users/baldg/OneDrive/Documents/GitHub/serpifai/v7 Scripts App File Reduction/serpifai_php/apis/pagespeed_api.php"
"227","C:/Users/baldg/OneDrive/Documents/GitHub/serpifai/v7 Scripts App File Reduction/UI/UI_Stage_Runner.html"
"225","C:/Users/baldg/OneDrive/Documents/GitHub/serpifai/v7 Scripts App File Reduction/V6 working with 36K Scripts App/serpifai_php/migrations/competitor_results_table.sql"
"225","C:/Users/baldg/OneDrive/Documents/GitHub/serpifai/v7 Scripts App File Reduction/serpifai_php/migrations/competitor_results_table.sql"
"223","C:/Users/baldg/OneDrive/Documents/GitHub/serpifai/v7 Scripts App File Reduction/serpifai_php/handlers/workflow_handler.php"
"220","C:/Users/baldg/OneDrive/Documents/GitHub/serpifai/v7 Scripts App File Reduction/UI/UI_Evidence_Render1.html"
"216","C:/Users/baldg/OneDrive/Documents/GitHub/serpifai/v7 Scripts App File Reduction/UI/UI_Forensic_Render.html"
"216","C:/Users/baldg/OneDrive/Documents/GitHub/serpifai/v7 Scripts App File Reduction/V30_COMPREHENSIVE_FIX.md"
"215","C:/Users/baldg/OneDrive/Documents/GitHub/serpifai/v7 Scripts App File Reduction/V31_COMPLETE_FIX_PLAN.md"
"212","C:/Users/baldg/OneDrive/Documents/GitHub/serpifai/v7 Scripts App File Reduction/V6 working with 36K Scripts App/serpifai_php/handlers/content_handler.php"
"211","C:/Users/baldg/OneDrive/Documents/GitHub/serpifai/v7 Scripts App File Reduction/V6 working with 36K Scripts App/serpifai_php/handlers/workflow_handler.php"
"210","C:/Users/baldg/OneDrive/Documents/GitHub/serpifai/v7 Scripts App File Reduction/V6 working with 36K Scripts App/app_script/DIAG_COMPETITOR_DATA.gs"
"210","C:/Users/baldg/OneDrive/Documents/GitHub/serpifai/v7 Scripts App File Reduction/V6 working with 36K Scripts App/serpifai_php/handlers/sync_handler.php"
"210","C:/Users/baldg/OneDrive/Documents/GitHub/serpifai/v7 Scripts App File Reduction/serpifai_php/handlers/sync_handler.php"
"209","C:/Users/baldg/OneDrive/Documents/GitHub/serpifai/v7 Scripts App File Reduction/serpifai_php/verify_deployment.php"
"209","C:/Users/baldg/OneDrive/Documents/GitHub/serpifai/v7 Scripts App File Reduction/UI/UI_Components_Settings.html"
"209","C:/Users/baldg/OneDrive/Documents/GitHub/serpifai/v7 Scripts App File Reduction/V6 working with 36K Scripts App/app_script/UI_Components_Settings.html"
"207","C:/Users/baldg/OneDrive/Documents/GitHub/serpifai/v7 Scripts App File Reduction/UI/UI_Raw_Data_Tables.html"
"204","C:/Users/baldg/OneDrive/Documents/GitHub/serpifai/v7 Scripts App File Reduction/V6 working with 36K Scripts App/app_script/SETUP_LICENSE_QUICK.gs"
"203","C:/Users/baldg/OneDrive/Documents/GitHub/serpifai/v7 Scripts App File Reduction/V6 working with 36K Scripts App/app_script/DIAGNOSTIC_TESTS.gs"
"202","C:/Users/baldg/OneDrive/Documents/GitHub/serpifai/v7 Scripts App File Reduction/UI/UI_Elite_Charts_Core.html"
"202","C:/Users/baldg/OneDrive/Documents/GitHub/serpifai/v7 Scripts App File Reduction/UI/UI_Strategy_Fallback.html"
"196","C:/Users/baldg/OneDrive/Documents/GitHub/serpifai/v7 Scripts App File Reduction/UI/UI_Executive_Renderer.html"
"195","C:/Users/baldg/OneDrive/Documents/GitHub/serpifai/v7 Scripts App File Reduction/V6 working with 36K Scripts App/app_script/DIAG_CHECK_GATEWAY_RESPONSE.gs"
"192","C:/Users/baldg/OneDrive/Documents/GitHub/serpifai/v7 Scripts App File Reduction/V6 working with 36K Scripts App/app_script/DIAG_TEST_GATEWAY_PAYLOAD.gs"
"191","C:/Users/baldg/OneDrive/Documents/GitHub/serpifai/v7 Scripts App File Reduction/V6 working with 36K Scripts App/serpifai_php/DEPLOYMENT_GUIDE.md"
"191","C:/Users/baldg/OneDrive/Documents/GitHub/serpifai/v7 Scripts App File Reduction/serpifai_php/DEPLOYMENT_GUIDE.md"
"189","C:/Users/baldg/OneDrive/Documents/GitHub/serpifai/v7 Scripts App File Reduction/UI/KW_Market_Gravity.html"
"180","C:/Users/baldg/OneDrive/Documents/GitHub/serpifai/v7 Scripts App File Reduction/UI/UI_Strategy_HubSpoke.html"
"179","C:/Users/baldg/OneDrive/Documents/GitHub/serpifai/v7 Scripts App File Reduction/serpifai_php/config/db_config.php"
"178","C:/Users/baldg/OneDrive/Documents/GitHub/serpifai/v7 Scripts App File Reduction/UI/UI_Charts_Diagnostics.html"
"176","C:/Users/baldg/OneDrive/Documents/GitHub/serpifai/v7 Scripts App File Reduction/V6 working with 36K Scripts App/serpifai_php/config/db_config.php"
"175","C:/Users/baldg/OneDrive/Documents/GitHub/serpifai/v7 Scripts App File Reduction/V6 working with 36K Scripts App/app_script/DIAGNOSTIC_TEST_STAGE1.gs"
"173","C:/Users/baldg/OneDrive/Documents/GitHub/serpifai/v7 Scripts App File Reduction/UI/UI_Strategy_Schema.html"
"172","C:/Users/baldg/OneDrive/Documents/GitHub/serpifai/v7 Scripts App File Reduction/serpifai_php/handlers/content_handler.php"
"171","C:/Users/baldg/OneDrive/Documents/GitHub/serpifai/v7 Scripts App File Reduction/UI/UI_Table_Helpers.html"
"170","C:/Users/baldg/OneDrive/Documents/GitHub/serpifai/v7 Scripts App File Reduction/serpifai_php/health_check.php"
"170","C:/Users/baldg/OneDrive/Documents/GitHub/serpifai/v7 Scripts App File Reduction/V6 working with 36K Scripts App/app_script/DB_Pipeline.gs"
"170","C:/Users/baldg/OneDrive/Documents/GitHub/serpifai/v7 Scripts App File Reduction/DB_Pipeline.gs"
"170","C:/Users/baldg/OneDrive/Documents/GitHub/serpifai/v7 Scripts App File Reduction/V6 working with 36K Scripts App/serpifai_php/health_check.php"
"164","C:/Users/baldg/OneDrive/Documents/GitHub/serpifai/v7 Scripts App File Reduction/ELITE_DUPLICATE_AUDIT.md"
"163","C:/Users/baldg/OneDrive/Documents/GitHub/serpifai/v7 Scripts App File Reduction/V6 working with 36K Scripts App/serpifai_php/apis/google_search_api.php"
"163","C:/Users/baldg/OneDrive/Documents/GitHub/serpifai/v7 Scripts App File Reduction/serpifai_php/apis/google_search_api.php"
"162","C:/Users/baldg/OneDrive/Documents/GitHub/serpifai/v7 Scripts App File Reduction/V6 working with 36K Scripts App/php_backend/database_migrations/add_session_tracking.sql"
"162","C:/Users/baldg/OneDrive/Documents/GitHub/serpifai/v7 Scripts App File Reduction/php_backend/database_migrations/add_session_tracking.sql"
"161","C:/Users/baldg/OneDrive/Documents/GitHub/serpifai/v7 Scripts App File Reduction/FET+DB/FT_GeminiEliteAnalysis.gs"
"161","C:/Users/baldg/OneDrive/Documents/GitHub/serpifai/v7 Scripts App File Reduction/V6 working with 36K Scripts App/app_script/DB_GeminiEliteAnalysis.gs"
"159","C:/Users/baldg/OneDrive/Documents/GitHub/serpifai/v7 Scripts App File Reduction/V6 working with 36K Scripts App/serpifai_php/test_system.php"
"159","C:/Users/baldg/OneDrive/Documents/GitHub/serpifai/v7 Scripts App File Reduction/serpifai_php/test_system.php"
"156","C:/Users/baldg/OneDrive/Documents/GitHub/serpifai/v7 Scripts App File Reduction/V6 working with 36K Scripts App/app_script/DB_Router.gs"
"156","C:/Users/baldg/OneDrive/Documents/GitHub/serpifai/v7 Scripts App File Reduction/DB_Router.gs"
"155","C:/Users/baldg/OneDrive/Documents/GitHub/serpifai/v7 Scripts App File Reduction/V6 working with 36K Scripts App/app_script/DIAG_CheckFunctions.gs"
"154","C:/Users/baldg/OneDrive/Documents/GitHub/serpifai/v7 Scripts App File Reduction/UI/DATA_Forensic_Engine.html"
"153","C:/Users/baldg/OneDrive/Documents/GitHub/serpifai/v7 Scripts App File Reduction/UI/ELITE_Config.html"
"153","C:/Users/baldg/OneDrive/Documents/GitHub/serpifai/v7 Scripts App File Reduction/V6 working with 36K Scripts App/serpifai_php/database/schema.sql"
"153","C:/Users/baldg/OneDrive/Documents/GitHub/serpifai/v7 Scripts App File Reduction/serpifai_php/database/schema.sql"
"152","C:/Users/baldg/OneDrive/Documents/GitHub/serpifai/v7 Scripts App File Reduction/UPP_IMPLEMENTATION_STATUS.md"
"146","C:/Users/baldg/OneDrive/Documents/GitHub/serpifai/v7 Scripts App File Reduction/V6 working with 36K Scripts App/serpifai_php/sql/competitor_history.sql"
"146","C:/Users/baldg/OneDrive/Documents/GitHub/serpifai/v7 Scripts App File Reduction/serpifai_php/sql/competitor_history.sql"
"145","C:/Users/baldg/OneDrive/Documents/GitHub/serpifai/v7 Scripts App File Reduction/DB_WF_Router.gs"
"145","C:/Users/baldg/OneDrive/Documents/GitHub/serpifai/v7 Scripts App File Reduction/V6 working with 36K Scripts App/app_script/DB_WF_Router.gs"
"139","C:/Users/baldg/OneDrive/Documents/GitHub/serpifai/v7 Scripts App File Reduction/serpifai_php/lib/SecurityLayer.php"
"139","C:/Users/baldg/OneDrive/Documents/GitHub/serpifai/v7 Scripts App File Reduction/V6 working with 36K Scripts App/serpifai_php/lib/SecurityLayer.php"
"135","C:/Users/baldg/OneDrive/Documents/GitHub/serpifai/v7 Scripts App File Reduction/V6 working with 36K Scripts App/app_script/SecurityHelper.gs"
"135","C:/Users/baldg/OneDrive/Documents/GitHub/serpifai/v7 Scripts App File Reduction/V6 working with 36K Scripts App/app_script/DB_CacheManager.gs"
"135","C:/Users/baldg/OneDrive/Documents/GitHub/serpifai/v7 Scripts App File Reduction/SecurityHelper.gs"
"135","C:/Users/baldg/OneDrive/Documents/GitHub/serpifai/v7 Scripts App File Reduction/UI/UI_Loading_Utils.html"
"135","C:/Users/baldg/OneDrive/Documents/GitHub/serpifai/v7 Scripts App File Reduction/DB_CacheManager.gs"
"134","C:/Users/baldg/OneDrive/Documents/GitHub/serpifai/v7 Scripts App File Reduction/V6 working with 36K Scripts App/app_script/DIAG_TRACE_GATEWAY_CALL.gs"
"134","C:/Users/baldg/OneDrive/Documents/GitHub/serpifai/v7 Scripts App File Reduction/V6 working with 36K Scripts App/app_script/DB_COMP_Main.gs"
"130","C:/Users/baldg/OneDrive/Documents/GitHub/serpifai/v7 Scripts App File Reduction/serpifai_php/V29_DEPLOYMENT_GUIDE.md"
"128","C:/Users/baldg/OneDrive/Documents/GitHub/serpifai/v7 Scripts App File Reduction/V6 working with 36K Scripts App/serpifai_php/SETUP_SUMMARY.md"
"128","C:/Users/baldg/OneDrive/Documents/GitHub/serpifai/v7 Scripts App File Reduction/serpifai_php/SETUP_SUMMARY.md"
"120","C:/Users/baldg/OneDrive/Documents/GitHub/serpifai/v7 Scripts App File Reduction/V6 working with 36K Scripts App/serpifai_php/simple_test.php"
"120","C:/Users/baldg/OneDrive/Documents/GitHub/serpifai/v7 Scripts App File Reduction/serpifai_php/simple_test.php"
"114","C:/Users/baldg/OneDrive/Documents/GitHub/serpifai/v7 Scripts App File Reduction/serpifai_php/advanced_diagnostic.php"
"114","C:/Users/baldg/OneDrive/Documents/GitHub/serpifai/v7 Scripts App File Reduction/V6 working with 36K Scripts App/serpifai_php/advanced_diagnostic.php"
"113","C:/Users/baldg/OneDrive/Documents/GitHub/serpifai/v7 Scripts App File Reduction/core/constants.gs"
"111","C:/Users/baldg/OneDrive/Documents/GitHub/serpifai/v7 Scripts App File Reduction/V32_COMPREHENSIVE_FIX.md"
"100","C:/Users/baldg/OneDrive/Documents/GitHub/serpifai/v7 Scripts App File Reduction/UI/UI_Gemini_Models.html"
"99","C:/Users/baldg/OneDrive/Documents/GitHub/serpifai/v7 Scripts App File Reduction/V6 working with 36K Scripts App/serpifai_php/diagnostic_post.php"
"99","C:/Users/baldg/OneDrive/Documents/GitHub/serpifai/v7 Scripts App File Reduction/serpifai_php/diagnostic_post.php"
"94","C:/Users/baldg/OneDrive/Documents/GitHub/serpifai/v7 Scripts App File Reduction/V6 working with 36K Scripts App/.htaccess_UPDATED"
"94","C:/Users/baldg/OneDrive/Documents/GitHub/serpifai/v7 Scripts App File Reduction/V6 working with 36K Scripts App/serpifai_php/debug_post.php"
"94","C:/Users/baldg/OneDrive/Documents/GitHub/serpifai/v7 Scripts App File Reduction/serpifai_php/debug_post.php"
"93","C:/Users/baldg/OneDrive/Documents/GitHub/serpifai/v7 Scripts App File Reduction/UI/UI_Markdown_Utils.html"
"92","C:/Users/baldg/OneDrive/Documents/GitHub/serpifai/v7 Scripts App File Reduction/serpifai_php/test_env.php"
"92","C:/Users/baldg/OneDrive/Documents/GitHub/serpifai/v7 Scripts App File Reduction/V29_FIX_SUMMARY.md"
"92","C:/Users/baldg/OneDrive/Documents/GitHub/serpifai/v7 Scripts App File Reduction/V6 working with 36K Scripts App/serpifai_php/test_env.php"
"91","C:/Users/baldg/OneDrive/Documents/GitHub/serpifai/v7 Scripts App File Reduction/REF_MANIFEST.md"
"91","C:/Users/baldg/OneDrive/Documents/GitHub/serpifai/v7 Scripts App File Reduction/V6 working with 36K Scripts App/app_script/TEST_COMPETITOR_BUTTON.gs"
"90","C:/Users/baldg/OneDrive/Documents/GitHub/serpifai/v7 Scripts App File Reduction/V6 working with 36K Scripts App/app_script/TEST_COMPETITOR_ANALYSIS_NO_GATEWAY.gs"
"87","C:/Users/baldg/OneDrive/Documents/GitHub/serpifai/v7 Scripts App File Reduction/V6 working with 36K Scripts App/app_script/DB_Deployment.gs"
"85","C:/Users/baldg/OneDrive/Documents/GitHub/serpifai/v7 Scripts App File Reduction/V6 working with 36K Scripts App/serpifai_php/sql/competitor_analysis_tables.sql"
"85","C:/Users/baldg/OneDrive/Documents/GitHub/serpifai/v7 Scripts App File Reduction/serpifai_php/sql/competitor_analysis_tables.sql"
"84","C:/Users/baldg/OneDrive/Documents/GitHub/serpifai/v7 Scripts App File Reduction/DB_AI_GeminiClient.gs"
"84","C:/Users/baldg/OneDrive/Documents/GitHub/serpifai/v7 Scripts App File Reduction/V6 working with 36K Scripts App/app_script/DB_AI_GeminiClient.gs"
"83","C:/Users/baldg/OneDrive/Documents/GitHub/serpifai/v7 Scripts App File Reduction/serpifai_php/check_filesystem.php"
"83","C:/Users/baldg/OneDrive/Documents/GitHub/serpifai/v7 Scripts App File Reduction/V6 working with 36K Scripts App/serpifai_php/check_filesystem.php"
"80","C:/Users/baldg/OneDrive/Documents/GitHub/serpifai/v7 Scripts App File Reduction/V6 working with 36K Scripts App/serpifai_php/.htaccess.fixed"
"80","C:/Users/baldg/OneDrive/Documents/GitHub/serpifai/v7 Scripts App File Reduction/V6 working with 36K Scripts App/app_script/DB_COMP_Categories.gs"
"80","C:/Users/baldg/OneDrive/Documents/GitHub/serpifai/v7 Scripts App File Reduction/serpifai_php/.htaccess.fixed"
"79","C:/Users/baldg/OneDrive/Documents/GitHub/serpifai/v7 Scripts App File Reduction/V6 working with 36K Scripts App/app_script/SETUP_LicenseKey.gs"
"77","C:/Users/baldg/OneDrive/Documents/GitHub/serpifai/v7 Scripts App File Reduction/V6 working with 36K Scripts App/app_script/UI_Components_Sidebar.html"
"77","C:/Users/baldg/OneDrive/Documents/GitHub/serpifai/v7 Scripts App File Reduction/V6 working with 36K Scripts App/app_script/DIAG_BUTTON_HANDLER.gs"
"77","C:/Users/baldg/OneDrive/Documents/GitHub/serpifai/v7 Scripts App File Reduction/UI/UI_Components_Sidebar.html"
"76","C:/Users/baldg/OneDrive/Documents/GitHub/serpifai/v7 Scripts App File Reduction/V6 working with 36K Scripts App/serpifai_php/test_gateway_flow.php"
"76","C:/Users/baldg/OneDrive/Documents/GitHub/serpifai/v7 Scripts App File Reduction/serpifai_php/test_gateway_flow.php"
"74","C:/Users/baldg/OneDrive/Documents/GitHub/serpifai/v7 Scripts App File Reduction/V6 working with 36K Scripts App/serpifai_php/create_test_user.php"
"74","C:/Users/baldg/OneDrive/Documents/GitHub/serpifai/v7 Scripts App File Reduction/serpifai_php/create_test_user.php"
"72","C:/Users/baldg/OneDrive/Documents/GitHub/serpifai/v7 Scripts App File Reduction/V6 working with 36K Scripts App/serpifai_php/.htaccess"
"72","C:/Users/baldg/OneDrive/Documents/GitHub/serpifai/v7 Scripts App File Reduction/serpifai_php/.htaccess"
"70","C:/Users/baldg/OneDrive/Documents/GitHub/serpifai/v7 Scripts App File Reduction/serpifai_php/database/migration_v29_transactions_table.sql"
"69","C:/Users/baldg/OneDrive/Documents/GitHub/serpifai/v7 Scripts App File Reduction/serpifai_php/migrations/create_competitor_trends_table.sql"
"69","C:/Users/baldg/OneDrive/Documents/GitHub/serpifai/v7 Scripts App File Reduction/V6 working with 36K Scripts App/serpifai_php/migrations/create_competitor_trends_table.sql"
"67","C:/Users/baldg/OneDrive/Documents/GitHub/serpifai/v7 Scripts App File Reduction/V6 working with 36K Scripts App/app_script/DB_Logger.gs"
"67","C:/Users/baldg/OneDrive/Documents/GitHub/serpifai/v7 Scripts App File Reduction/DB_Logger.gs"
"62","C:/Users/baldg/OneDrive/Documents/GitHub/serpifai/v7 Scripts App File Reduction/serpifai_php/test_gateway.php"
"62","C:/Users/baldg/OneDrive/Documents/GitHub/serpifai/v7 Scripts App File Reduction/V6 working with 36K Scripts App/serpifai_php/test_gateway.php"
"61","C:/Users/baldg/OneDrive/Documents/GitHub/serpifai/v7 Scripts App File Reduction/V6 working with 36K Scripts App/app_script/DB_CE_ContentEngine.gs"
"57","C:/Users/baldg/OneDrive/Documents/GitHub/serpifai/v7 Scripts App File Reduction/DB_AI_InputSuggestions.gs"
"57","C:/Users/baldg/OneDrive/Documents/GitHub/serpifai/v7 Scripts App File Reduction/V6 working with 36K Scripts App/app_script/DB_AI_InputSuggestions.gs"
"55","C:/Users/baldg/OneDrive/Documents/GitHub/serpifai/v7 Scripts App File Reduction/V6 working with 36K Scripts App/app_script/UI_Dashboard.html"
"53","C:/Users/baldg/OneDrive/Documents/GitHub/serpifai/v7 Scripts App File Reduction/V6 working with 36K Scripts App/app_script/DB_PUB_PublishingEngine.gs"
"53","C:/Users/baldg/OneDrive/Documents/GitHub/serpifai/v7 Scripts App File Reduction/V6 working with 36K Scripts App/app_script/DB_QA_QAEngine.gs"
"53","C:/Users/baldg/OneDrive/Documents/GitHub/serpifai/v7 Scripts App File Reduction/V6 working with 36K Scripts App/app_script/DB_TECH_TechnicalSEO.gs"
"47","C:/Users/baldg/OneDrive/Documents/GitHub/serpifai/v7 Scripts App File Reduction/serpifai_php/test_competitor_auth.php"
"47","C:/Users/baldg/OneDrive/Documents/GitHub/serpifai/v7 Scripts App File Reduction/V6 working with 36K Scripts App/serpifai_php/test_with_real_license.php"
"47","C:/Users/baldg/OneDrive/Documents/GitHub/serpifai/v7 Scripts App File Reduction/serpifai_php/test_db_config.php"
"47","C:/Users/baldg/OneDrive/Documents/GitHub/serpifai/v7 Scripts App File Reduction/V6 working with 36K Scripts App/serpifai_php/test_competitor_auth.php"
"47","C:/Users/baldg/OneDrive/Documents/GitHub/serpifai/v7 Scripts App File Reduction/V6 working with 36K Scripts App/serpifai_php/test_db_config.php"
"47","C:/Users/baldg/OneDrive/Documents/GitHub/serpifai/v7 Scripts App File Reduction/serpifai_php/test_with_real_license.php"
"46","C:/Users/baldg/OneDrive/Documents/GitHub/serpifai/v7 Scripts App File Reduction/UI/UI_Dashboard.html"
"45","C:/Users/baldg/OneDrive/Documents/GitHub/serpifai/v7 Scripts App File Reduction/V6 working with 36K Scripts App/serpifai_php/test_real_gateway.php"
"45","C:/Users/baldg/OneDrive/Documents/GitHub/serpifai/v7 Scripts App File Reduction/serpifai_php/test_real_gateway.php"
"44","C:/Users/baldg/OneDrive/Documents/GitHub/serpifai/v7 Scripts App File Reduction/V6 working with 36K Scripts App/app_script/DB_AI_PromptBuilder.gs"
"44","C:/Users/baldg/OneDrive/Documents/GitHub/serpifai/v7 Scripts App File Reduction/UI/UI_Tab_Conversion_MINIMAL.html"
"41","C:/Users/baldg/OneDrive/Documents/GitHub/serpifai/v7 Scripts App File Reduction/V6 working with 36K Scripts App/serpifai_php/database/migration_COMPLETE_SETUP.sql"
"41","C:/Users/baldg/OneDrive/Documents/GitHub/serpifai/v7 Scripts App File Reduction/V6 working with 36K Scripts App/app_script/DB_JSON.gs"
"41","C:/Users/baldg/OneDrive/Documents/GitHub/serpifai/v7 Scripts App File Reduction/V6 working with 36K Scripts App/app_script/DB_HELPERS_Helpers.gs"
"41","C:/Users/baldg/OneDrive/Documents/GitHub/serpifai/v7 Scripts App File Reduction/serpifai_php/database/migration_COMPLETE_SETUP.sql"
"40","C:/Users/baldg/OneDrive/Documents/GitHub/serpifai/v7 Scripts App File Reduction/V6 working with 36K Scripts App/serpifai_php/test_check_users.php"
"40","C:/Users/baldg/OneDrive/Documents/GitHub/serpifai/v7 Scripts App File Reduction/serpifai_php/test_check_users.php"
"37","C:/Users/baldg/OneDrive/Documents/GitHub/serpifai/v7 Scripts App File Reduction/V6 working with 36K Scripts App/app_script/DB_BULK_BulkEngine.gs"
"37","C:/Users/baldg/OneDrive/Documents/GitHub/serpifai/v7 Scripts App File Reduction/V6 working with 36K Scripts App/app_script/DB_PERF_Performance.gs"
"36","C:/Users/baldg/OneDrive/Documents/GitHub/serpifai/v7 Scripts App File Reduction/V6 working with 36K Scripts App/app_script/DB_AI_ReasoningTools.gs"
"34","C:/Users/baldg/OneDrive/Documents/GitHub/serpifai/v7 Scripts App File Reduction/V6 working with 36K Scripts App/php_backend/database_migrations/add_google_account_binding.sql"
"34","C:/Users/baldg/OneDrive/Documents/GitHub/serpifai/v7 Scripts App File Reduction/php_backend/database_migrations/add_google_account_binding.sql"
"33","C:/Users/baldg/OneDrive/Documents/GitHub/serpifai/v7 Scripts App File Reduction/V6 working with 36K Scripts App/app_script/UI_Components_Overview.html"
"33","C:/Users/baldg/OneDrive/Documents/GitHub/serpifai/v7 Scripts App File Reduction/UI/UI_Components_Overview.html"
"32","C:/Users/baldg/OneDrive/Documents/GitHub/serpifai/v7 Scripts App File Reduction/V6 working with 36K Scripts App/serpifai_php/database/migration_add_total_credits_used.sql"
"32","C:/Users/baldg/OneDrive/Documents/GitHub/serpifai/v7 Scripts App File Reduction/serpifai_php/database/migration_add_total_credits_used.sql"
"32","C:/Users/baldg/OneDrive/Documents/GitHub/serpifai/v7 Scripts App File Reduction/V6 working with 36K Scripts App/app_script/DB_APIS_FetcherClient.gs"
"31","C:/Users/baldg/OneDrive/Documents/GitHub/serpifai/v7 Scripts App File Reduction/V6 working with 36K Scripts App/serpifai_php/diagnostic_check_columns.php"
"31","C:/Users/baldg/OneDrive/Documents/GitHub/serpifai/v7 Scripts App File Reduction/serpifai_php/diagnostic_check_columns.php"
"29","C:/Users/baldg/OneDrive/Documents/GitHub/serpifai/v7 Scripts App File Reduction/V6 working with 36K Scripts App/serpifai_php/test_forbidden.php"
"29","C:/Users/baldg/OneDrive/Documents/GitHub/serpifai/v7 Scripts App File Reduction/serpifai_php/test_forbidden.php"
"29","C:/Users/baldg/OneDrive/Documents/GitHub/serpifai/v7 Scripts App File Reduction/V6 working with 36K Scripts App/app_script/DB_BL_Backlinks.gs"
"29","C:/Users/baldg/OneDrive/Documents/GitHub/serpifai/v7 Scripts App File Reduction/V6 working with 36K Scripts App/php_backend/database_migrations/clear_active_sessions.sql"
"29","C:/Users/baldg/OneDrive/Documents/GitHub/serpifai/v7 Scripts App File Reduction/php_backend/database_migrations/clear_active_sessions.sql"
"27","C:/Users/baldg/OneDrive/Documents/GitHub/serpifai/v7 Scripts App File Reduction/UI/Oracle_Elite_Upgrade.md"
"26","C:/Users/baldg/OneDrive/Documents/GitHub/serpifai/v7 Scripts App File Reduction/serpifai_php/database/migration_add_missing_columns_SIMPLE.sql"
"26","C:/Users/baldg/OneDrive/Documents/GitHub/serpifai/v7 Scripts App File Reduction/V6 working with 36K Scripts App/serpifai_php/database/migration_add_missing_columns_SIMPLE.sql"
"24","C:/Users/baldg/OneDrive/Documents/GitHub/serpifai/v7 Scripts App File Reduction/UI/UI_Components_ProjectManager.html"
"24","C:/Users/baldg/OneDrive/Documents/GitHub/serpifai/v7 Scripts App File Reduction/V6 working with 36K Scripts App/app_script/UI_Components_ProjectManager.html"
"22","C:/Users/baldg/OneDrive/Documents/GitHub/serpifai/v7 Scripts App File Reduction/V6 working with 36K Scripts App/serpifai_php/config/.env"
"22","C:/Users/baldg/OneDrive/Documents/GitHub/serpifai/v7 Scripts App File Reduction/serpifai_php/config/.env"
"22","C:/Users/baldg/OneDrive/Documents/GitHub/serpifai/v7 Scripts App File Reduction/V6 working with 36K Scripts App/serpifai_php/database/migration_create_api_transactions.sql"
"22","C:/Users/baldg/OneDrive/Documents/GitHub/serpifai/v7 Scripts App File Reduction/serpifai_php/database/migration_create_api_transactions.sql"
"21","C:/Users/baldg/OneDrive/Documents/GitHub/serpifai/v7 Scripts App File Reduction/serpifai_php/test_simple.php"
"21","C:/Users/baldg/OneDrive/Documents/GitHub/serpifai/v7 Scripts App File Reduction/V6 working with 36K Scripts App/app_script/DB_STORAGE_Storage.gs"
"21","C:/Users/baldg/OneDrive/Documents/GitHub/serpifai/v7 Scripts App File Reduction/V6 working with 36K Scripts App/serpifai_php/test_minimal_gateway.php"
"21","C:/Users/baldg/OneDrive/Documents/GitHub/serpifai/v7 Scripts App File Reduction/serpifai_php/test_minimal_gateway.php"
"21","C:/Users/baldg/OneDrive/Documents/GitHub/serpifai/v7 Scripts App File Reduction/V6 working with 36K Scripts App/serpifai_php/test_simple.php"
"20","C:/Users/baldg/OneDrive/Documents/GitHub/serpifai/v7 Scripts App File Reduction/V6 working with 36K Scripts App/serpifai_php/.env"
"20","C:/Users/baldg/OneDrive/Documents/GitHub/serpifai/v7 Scripts App File Reduction/serpifai_php/.env"
"20","C:/Users/baldg/OneDrive/Documents/GitHub/serpifai/v7 Scripts App File Reduction/V6 working with 36K Scripts App/app_script/appsscript.json"
"18","C:/Users/baldg/OneDrive/Documents/GitHub/serpifai/v7 Scripts App File Reduction/UI/UI_Components_Scoring.html"
"18","C:/Users/baldg/OneDrive/Documents/GitHub/serpifai/v7 Scripts App File Reduction/V6 working with 36K Scripts App/serpifai_php/.gitignore"
"18","C:/Users/baldg/OneDrive/Documents/GitHub/serpifai/v7 Scripts App File Reduction/V6 working with 36K Scripts App/app_script/UI_Components_Scoring.html"
"18","C:/Users/baldg/OneDrive/Documents/GitHub/serpifai/v7 Scripts App File Reduction/serpifai_php/.gitignore"
"17","C:/Users/baldg/OneDrive/Documents/GitHub/serpifai/v7 Scripts App File Reduction/V6 working with 36K Scripts App/app_script/DB_APIS_SearchConsoleAPI.gs"
"16","C:/Users/baldg/OneDrive/Documents/GitHub/serpifai/v7 Scripts App File Reduction/V6 working with 36K Scripts App/app_script/.clasp.json"
"14","C:/Users/baldg/OneDrive/Documents/GitHub/serpifai/v7 Scripts App File Reduction/.claspignore"
"13","C:/Users/baldg/OneDrive/Documents/GitHub/serpifai/v7 Scripts App File Reduction/V6 working with 36K Scripts App/app_script/DB_APIS_OpenPageRankAPI.gs"
"13","C:/Users/baldg/OneDrive/Documents/GitHub/serpifai/v7 Scripts App File Reduction/V6 working with 36K Scripts App/app_script/DB_APIS_PageSpeedAPI.gs"
"13","C:/Users/baldg/OneDrive/Documents/GitHub/serpifai/v7 Scripts App File Reduction/UI/UI_Tab_Test_V42.html"
"13","C:/Users/baldg/OneDrive/Documents/GitHub/serpifai/v7 Scripts App File Reduction/V6 working with 36K Scripts App/app_script/DB_APIS_SerperAPI.gs"
"13","C:/Users/baldg/OneDrive/Documents/GitHub/serpifai/v7 Scripts App File Reduction/UI/UI_Components_Header.html"
"13","C:/Users/baldg/OneDrive/Documents/GitHub/serpifai/v7 Scripts App File Reduction/V6 working with 36K Scripts App/app_script/UI_Components_Header.html"
"12","C:/Users/baldg/OneDrive/Documents/GitHub/serpifai/v7 Scripts App File Reduction/serpifai_php/sql/fetcher_cache.sql"
"12","C:/Users/baldg/OneDrive/Documents/GitHub/serpifai/v7 Scripts App File Reduction/V6 working with 36K Scripts App/serpifai_php/sql/fetcher_cache.sql"
"10","C:/Users/baldg/OneDrive/Documents/GitHub/serpifai/v7 Scripts App File Reduction/appsscript.json"
"10","C:/Users/baldg/OneDrive/Documents/GitHub/serpifai/v7 Scripts App File Reduction/count_lines.ps1"
"9","C:/Users/baldg/OneDrive/Documents/GitHub/serpifai/v7 Scripts App File Reduction/UI/UI_Components_Modal.html"
"9","C:/Users/baldg/OneDrive/Documents/GitHub/serpifai/v7 Scripts App File Reduction/V6 working with 36K Scripts App/app_script/UI_Components_Modal.html"
"4","C:/Users/baldg/OneDrive/Documents/GitHub/serpifai/v7 Scripts App File Reduction/.clasp.json"
"1","C:/Users/baldg/OneDrive/Documents/GitHub/serpifai/v7 Scripts App File Reduction/UI/UI_Components_QA.html"
"1","C:/Users/baldg/OneDrive/Documents/GitHub/serpifai/v7 Scripts App File Reduction/V6 working with 36K Scripts App/app_script/UI_Components_QA.html"
"1","C:/Users/baldg/OneDrive/Documents/GitHub/serpifai/v7 Scripts App File Reduction/V6 working with 36K Scripts App/app_script/UI_Components_Toast.html"
"1","C:/Users/baldg/OneDrive/Documents/GitHub/serpifai/v7 Scripts App File Reduction/UI/UI_Components_Toast.html"
"0","C:/Users/baldg/OneDrive/Documents/GitHub/serpifai/v7 Scripts App File Reduction/V6 working with 36K Scripts App/app_script/ORACLE_ELITE_BLUEPRINT.md"
"0","C:/Users/baldg/OneDrive/Documents/GitHub/serpifai/v7 Scripts App File Reduction/line_counts.csv"
"0","C:/Users/baldg/OneDrive/Documents/GitHub/serpifai/v7 Scripts App File Reduction/serpifai_php/ORACLE_DATA_INTEGRITY.md"
